timestamp_sec,latitude,longitude
0.0,11.016800,76.967800
1.0,11.016620,76.968150
2.0,11.016440,76.968500
3.0,11.016260,76.968850
4.0,11.016080,76.969200
5.0,11.015900,76.969550
6.0,11.015720,76.969900
7.0,11.015540,76.970250
8.0,11.015360,76.970600
9.0,11.015180,76.970950
10.0,11.015000,76.971300
11.0,11.014820,76.971650
12.0,11.014640,76.972000
13.0,11.014460,76.972350
14.0,11.014280,76.972700
15.0,11.014100,76.973050
16.0,11.013920,76.973400
17.0,11.013740,76.973750
18.0,11.013560,76.974100
19.0,11.013380,76.974450
20.0,11.013200,76.974800
21.0,11.013020,76.975150
22.0,11.012840,76.975500
23.0,11.012660,76.975850
24.0,11.012480,76.976200
25.0,11.012300,76.976550
