time,seconds_elapsed,mslAltitudeAccuracy,bearingAccuracy,speedAccuracy,verticalAccuracy,horizontalAccuracy,speed,altitudeAboveMeanSeaLevel,bearing,altitude,longitude,latitude
1790063943067170000,2.343170166015625,,102.19999694824219,3,1.221317172050476,6.199999809265137,1.0798872709274292,,59,234.90000915527344,77.0334517,10.65558
1790063943565708800,2.841708740234375,,79.69999694824219,2.4000000953674316,1.2263025045394897,5.5,1.3480074405670166,,64.04144287109375,234.90000915527344,77.0335411,10.655624
1790063944067964400,3.34396435546875,,55,1.5,1.2313250303268433,4.933000087738037,1.2546149492263794,,78.75141143798828,234.90000915527344,77.0335881,10.6556346
1790063944195000000,3.471,,180,1.5,1.561313509941101,14.345000267028809,1.2547993659973145,,78.71688842773438,234.90000915527344,77.0335895,10.6556352
1790063945096898800,4.37289892578125,,180,1.5,1.5700335502624512,19.992000579833984,1.2534358501434326,,78.57205200195312,234.90000915527344,77.0335988,10.6556388
1790063946313531100,5.58953125,,180,1.1296931505203247,1.5802216529846191,18.173999786376953,1.2135664224624634,,87.42335510253906,234.90000915527344,77.0336126,10.655645
1790063947418420700,6.694420654296875,,102.23210144042969,0.29398542642593384,1.5901631116867065,16.476999282836914,0.23708730936050415,,151.85980224609375,234.90000915527344,77.0336187,10.6556468
1790063948121535700,7.39753564453125,,99.6227035522461,0.19913429021835327,1.6003062725067139,16.364999771118164,0.17132875323295593,,143.19186401367188,234.90000915527344,77.0336193,10.6556466
1790063949198817300,8.4748173828125,,0,0.16612069308757782,1.609994888305664,16.39299964904785,0.09523074328899384,,0,234.90000915527344,77.0336196,10.6556472
1790063950061886000,9.337885986328125,,0,0.15414869785308838,1.619982361793518,12.104000091552734,0.07681849598884583,,0,234.90000915527344,77.0336213,10.6556467
1790063950515929000,9.79192919921875,,0,0.15371346473693848,1.619982361793518,5.71999979019165,0.07772011309862137,,0,234.90000915527344,77.0336216,10.6556466
1790063951093431800,10.369431884765625,,82.93025970458984,0.24402302503585815,1.6302977800369263,4.908999919891357,0.6313154101371765,,80.67499542236328,234.90000915527344,77.0336235,10.6556462
1790063951671087400,10.94708740234375,,81.75576782226562,0.24395667016506195,1.6302977800369263,4.8379998207092285,0.6316171288490295,,56.604095458984375,234.90000915527344,77.0336257,10.6556466
1790063952111810000,11.38781005859375,,84.08202362060547,0.24413363635540009,1.6400201320648193,4.809999942779541,0.6330132484436035,,44.67291259765625,234.90000915527344,77.0336265,10.6556473
1790063952814962000,12.0909619140625,,74.68291473388672,0.2507513761520386,1.5629428625106812,4.578000068664551,0.5474583506584167,,31.48480796813965,234.90000915527344,77.0336295,10.65565
1790063952936758500,12.212758544921876,,80.85260772705078,0.2526613771915436,1.5629428625106812,4.546000003814697,0.5395684242248535,,31.023723602294922,234.90000915527344,77.0336275,10.655649
1790063953062123000,12.338123046875,,71.16680908203125,0.2203320413827896,1.5665340423583984,4.486999988555908,0.9693646430969238,,26.33037757873535,234.90000915527344,77.0336286,10.6556499
1790063954152219400,13.428219482421875,,75.71719360351562,0.2202456146478653,1.5665340423583984,4.377999782562256,0.9993883371353149,,13.733072280883789,234.90000915527344,77.0336313,10.6556555
1790063954936694500,14.212694580078125,,40.043251037597656,0.1872032880783081,1.5852798223495483,4.361000061035156,0.7844189405441284,,4.868943214416504,234.90000915527344,77.0336327,10.6556658
1790063955169298000,14.4452978515625,,40.077178955078125,0.1872032880783081,1.5852798223495483,4.372000217437744,0.7744703888893127,,3.9477148056030273,234.90000915527344,77.0336329,10.6556681
1790063955929667800,15.205667724609375,,29.046361923217773,0.1644970029592514,1.5952095985412598,4.364999771118164,1.0550426244735718,,356.9067687988281,234.90000915527344,77.03363,10.6556781
1790063956234096600,15.5100966796875,,29.0200252532959,0.1644970029592514,1.5952095985412598,4.388999938964844,1.0713571310043335,,355.63818359375,234.90000915527344,77.0336289,10.6556823
1790063956736362500,16.012362548828126,,24.282691955566406,0.18462836742401123,1.5952095985412598,4.420000076293945,0.9991946220397949,,354.8758544921875,234.90000915527344,77.0336275,10.6556877
1790063956933502000,16.209501953125,,24.956205368041992,0.23958955705165863,1.6051673889160156,4.4720001220703125,0.988451361656189,,355.50799560546875,234.90000915527344,77.0336269,10.6556896
1790063957288855800,16.564855712890626,,22.236221313476562,0.18822191655635834,1.6051673889160156,4.4720001220703125,1.4022473096847534,,357.04962158203125,234.90000915527344,77.0336254,10.655697
1790063957938036700,17.21403662109375,,22.2504825592041,0.2590339183807373,1.6151928901672363,4.519000053405762,1.3117409944534302,,356.3136901855469,234.90000915527344,77.0336235,10.6557068
1790063958213028900,17.48902880859375,,23.462366104125977,0.19014523923397064,1.6151928901672363,4.638000011444092,1.5973756313323975,,353.7828063964844,234.90000915527344,77.0336178,10.6557129
1790063958755480000,18.03147998046875,,23.987977981567383,0.22718894481658936,1.6151928901672363,4.705999851226807,1.4782800674438477,,350.34722900390625,234.90000915527344,77.033614,10.6557211
1790063958942575900,18.218575927734374,,24.79410743713379,0.2785159647464752,1.6252198219299316,4.783999919891357,1.4678494930267334,,349.3119201660156,234.90000915527344,77.0336126,10.6557235
1790063959257750800,18.533750732421876,,22.37116241455078,0.171636164188385,1.6252198219299316,4.796000003814697,1.367586374282837,,342.71685791015625,234.90000915527344,77.0336053,10.6557277
1790063959709796000,18.985796142578124,,21.90774154663086,0.1897682100534439,1.6252198219299316,4.8379998207092285,1.2528244256973267,,339.5307922363281,234.90000915527344,77.0336006,10.6557326
1790063959947119900,19.223119873046876,,22.506372451782227,0.24042071402072906,1.6352052688598633,4.89300012588501,1.2439155578613281,,339.316650390625,234.90000915527344,77.0335985,10.6557351
1790063960292433400,19.568433349609375,,17.823192596435547,0.1654868721961975,1.6352052688598633,4.97599983215332,1.215993881225586,,335.6112060546875,234.90000915527344,77.0335919,10.6557398
1790063960951670300,20.227670166015624,,18.834617614746094,0.23410765826702118,1.645292043685913,5.053999900817871,1.1452447175979614,,336.74456787109375,234.90000915527344,77.033587,10.6557464
1790063961052125700,20.328125732421874,,16.35468292236328,0.16495169699192047,3.0108420848846436,4.994999885559082,1.1406800746917725,,335.4873046875,234.90000915527344,77.0335848,10.6557478
1790063961236712200,20.512712158203126,,15.944568634033203,0.16513995826244354,3.0108420848846436,4.97599983215332,1.1403272151947021,,333.2784423828125,234.90000915527344,77.0335775,10.655754
1790063961956225800,21.232225830078125,,16.146581649780273,0.22941389679908752,3.0208899974823,4.960000038146973,1.0796219110488892,,334.0582580566406,234.90000915527344,77.0335742,10.6557585
1790063962252570400,21.5285703125,,15.805671691894531,0.16502496600151062,3.0208899974823,4.888999938964844,1.1453896760940552,,333.4056091308594,234.90000915527344,77.033572,10.6557626
1790063962734758100,22.010758056640626,,15.810989379882812,0.18587112426757812,3.0208899974823,4.855999946594238,1.0735671520233154,,333.5889587402344,234.90000915527344,77.0335692,10.6557675
1790063962960784100,22.2367841796875,,15.573997497558594,0.2360782027244568,3.0307259559631348,4.815999984741211,1.0690070390701294,,334.42193603515625,234.90000915527344,77.033568,10.6557695
1790063963709180400,22.985180419921875,,16.31454086303711,0.2008764147758484,3.0307259559631348,4.741000175476074,1.07392418384552,,337.4983215332031,234.90000915527344,77.033564,10.6557784
1790063963938054400,23.214054443359377,,15.860089302062988,0.16944573819637299,3.0408434867858887,4.5370001792907715,1.1792503595352173,,337.6900634765625,234.90000915527344,77.0335618,10.6557818
1790063964352098300,23.628098388671877,,15.857158660888672,0.16944573819637299,3.0408434867858887,4.433000087738037,1.202123761177063,,338.1864929199219,234.90000915527344,77.0335593,10.6557868
1790063964774013200,24.05001318359375,,15.395045280456543,0.2066044807434082,3.0408434867858887,4.326000213623047,1.1158643960952759,,338.58990478515625,234.90000915527344,77.0335573,10.6557912
1790063964937985000,24.213985107421873,,15.724602699279785,0.172885000705719,3.050842761993408,4.146999835968018,1.217923879623413,,339.5067138671875,234.90000915527344,77.0335564,10.6557937
1790063965292617200,24.5686171875,,15.807724952697754,0.172885000705719,3.050842761993408,4.047999858856201,1.2433100938796997,,339.1640930175781,234.90000915527344,77.0335548,10.6557982
1790063965774806000,25.050805908203124,,16.52300262451172,0.19145318865776062,3.050842761993408,4.03000020980835,1.144771933555603,,338.3248596191406,234.90000915527344,77.0335531,10.6558033
1790063965934994200,25.210994140625,,16.17357063293457,0.1671900600194931,3.0608129501342773,3.990999937057495,1.2146731615066528,,338.1152648925781,234.90000915527344,77.033553,10.6558051
1790063966236903700,25.512903564453126,,16.36639404296875,0.1671900600194931,3.0608129501342773,3.8480000495910645,1.232174277305603,,336.8342590332031,234.90000915527344,77.0335519,10.6558086
1790063966849685800,26.125685791015623,,15.637556076049805,0.1862286627292633,3.0608129501342773,3.8420000076293945,1.1369949579238892,,334.65185546875,234.90000915527344,77.0335498,10.6558145
1790063966929301800,26.2053017578125,,15.63782787322998,0.16749896109104156,3.070755958557129,3.819000005722046,1.1732146739959717,,335.2626037597656,234.90000915527344,77.0335503,10.6558156
1790063967331875300,26.607875244140626,,15.705023765563965,0.16749896109104156,3.070755958557129,3.74399995803833,1.1877878904342651,,335.47222900390625,234.90000915527344,77.033549,10.6558199
1790063967932242700,27.20824267578125,,15.60677433013916,0.15706713497638702,3.0807852745056152,3.6610000133514404,1.1593681573867798,,337.4271545410156,234.90000915527344,77.0335482,10.6558264
1790063968336439300,27.612439208984377,,15.767183303833008,0.15706713497638702,3.0807852745056152,3.6649999618530273,1.1568397283554077,,338.82806396484375,234.90000915527344,77.0335472,10.6558308
1790063968829932500,28.1059326171875,,15.84569263458252,0.1809251606464386,3.0807852745056152,3.6570000648498535,1.0905673503875732,,339.8074645996094,234.90000915527344,77.0335457,10.6558357
1790063968933016000,28.20901611328125,,15.029752731323242,0.16508154571056366,3.0907931327819824,3.6500000953674316,1.134566307067871,,342.0535888671875,234.90000915527344,77.0335471,10.6558374
1790063969238000000,28.514000244140625,,15.242413520812988,0.16611896455287933,1.2514734268188477,3.6530001163482666,1.1426975727081299,,342.30047607421875,234.20001220703125,77.0335465,10.6558399
1790063969372399900,28.64839990234375,,15.255863189697266,0.16611896455287933,1.2514734268188477,3.6530001163482666,1.143736481666565,,342.45306396484375,234.20001220703125,77.0335462,10.6558411
1790063969794319600,29.070319580078124,,15.39407730102539,0.17617258429527283,1.2514734268188477,3.6579999923706055,1.0816631317138672,,343.48089599609375,234.20001220703125,77.0335453,10.6558451
1790063969929007900,29.2050078125,,14.324034690856934,0.16028441488742828,1.2583835124969482,3.6429998874664307,1.1152583360671997,,346.3536071777344,234.20001220703125,77.0335472,10.6558465
1790063970768754400,30.04475439453125,,13.281967163085938,0.17220592498779297,1.2583835124969482,3.6640000343322754,1.0758917331695557,,348.7491760253906,234.20001220703125,77.0335474,10.6558556
1790063970930891500,30.2068916015625,,13.106271743774414,0.16136859357357025,1.268402338027954,3.634000062942505,1.1144589185714722,,349.9024658203125,234.20001220703125,77.0335488,10.6558573
1790063971391589000,30.667589111328127,,13.255064010620117,0.16136859357357025,1.268402338027954,3.6410000324249268,1.121082067489624,,349.3387145996094,234.20001220703125,77.033549,10.6558622
1790063971833601300,31.109601318359374,,12.839290618896484,0.20560041069984436,1.268402338027954,3.6449999809265137,1.0865111351013184,,347.6384582519531,234.20001220703125,77.0335486,10.6558665
1790063971929612800,31.20561279296875,,13.253630638122559,0.1729326695203781,1.278389573097229,3.619999885559082,1.123626708984375,,348.25506591796875,234.20001220703125,77.0335495,10.6558679
1790063972368536000,31.6445361328125,,12.881813049316406,0.1729326695203781,1.278389573097229,3.6040000915527344,1.1335175037384033,,346.863037109375,234.20001220703125,77.0335492,10.6558728
1790063972830639400,32.10663940429688,,12.7846097946167,0.2038489729166031,1.278389573097229,3.6040000915527344,1.1037625074386597,,345.9967346191406,234.20001220703125,77.0335486,10.6558779
1790063972925716200,32.20171630859375,,12.786470413208008,0.16532756388187408,1.2883505821228027,3.5880000591278076,1.132554054260254,,346.4007873535156,234.20001220703125,77.0335493,10.6558791
1790063973393199900,32.669199951171876,,13.00001335144043,0.16532756388187408,1.2883505821228027,3.572000026702881,1.1404671669006348,,346.701904296875,234.20001220703125,77.0335487,10.6558843
1790063973855303200,33.13130322265625,,13.093817710876465,0.2027689516544342,1.2883505821228027,3.562999963760376,1.1172568798065186,,347.56768798828125,234.20001220703125,77.0335477,10.6558892
1790063973925947000,33.20194677734375,,12.292550086975098,0.16770941019058228,1.298352837562561,3.552999973297119,1.1347726583480835,,348.3583679199219,234.20001220703125,77.0335481,10.6558895
1790063974468092200,33.74409204101563,,12.236384391784668,0.20516683161258698,1.298352837562561,3.5369999408721924,1.0989328622817993,,349.7196960449219,234.20001220703125,77.0335474,10.6558945
1790063974925631200,34.20163134765625,,11.896769523620605,0.16822411119937897,1.3083497285842896,3.503999948501587,1.1210217475891113,,350.7989196777344,234.20001220703125,77.0335473,10.6558989
1790063975050744600,34.32674462890625,,11.91838550567627,0.16822411119937897,1.3083497285842896,3.509000062942505,1.1224631071090698,,350.9532775878906,234.20001220703125,77.0335473,10.6559002
1790063975471409700,34.74740966796875,,11.95843505859375,0.2062787562608719,1.3083497285842896,3.5169999599456787,1.0837880373001099,,350.58526611328125,234.20001220703125,77.0335467,10.6559046
1790063975953605400,35.22960546875,,11.98803424835205,0.2517779469490051,1.3083497285842896,3.5409998893737793,1.087132215499878,,350.0895690917969,234.20001220703125,77.033546,10.6559095
1790063976928044500,36.20404443359375,,11.999650955200195,0.25241419672966003,1.3183783292770386,3.556999921798706,1.0940552949905396,,351.46124267578125,234.20001220703125,77.0335457,10.6559202
1790063976928259800,36.204259765625,,11.373035430908203,0.1716984510421753,1.328376054763794,3.5460000038146973,1.1217617988586426,,352.150634765625,234.20001220703125,77.033547,10.6559211
1790063977510700500,36.78670043945313,,12.057172775268555,0.20150162279605865,1.328376054763794,3.5859999656677246,1.1010246276855469,,352.7308044433594,234.20001220703125,77.033547,10.6559277
1790063977932624600,37.208624755859375,,11.92667293548584,0.241082102060318,1.5210682153701782,3.618000030517578,1.0998233556747437,,353.93316650390625,235.00001525878906,77.0335481,10.6559322
1790063977936144400,37.212144287109375,,10.019927978515625,0.17743894457817078,1.5311471223831177,3.5899999141693115,1.122230052947998,,354.5386962890625,235.00001525878906,77.0335491,10.6559327
1790063978515282200,37.7912822265625,,11.975858688354492,0.20301511883735657,1.5311471223831177,3.5950000286102295,1.1025924682617188,,354.701416015625,235.00001525878906,77.0335495,10.6559391
1790063978948508200,38.22450805664062,,11.870887756347656,0.20301511883735657,1.5311471223831177,3.5999999046325684,1.100731372833252,,354.4150695800781,235.00001525878906,77.0335494,10.6559439
1790063979551257600,38.82725756835937,,10.468989372253418,0.2260921746492386,1.5412367582321167,3.5850000381469727,1.0852339267730713,,354.7908935546875,235.00001525878906,77.0335503,10.6559513
1790063979973181700,39.249181640625,,10.250163078308105,0.2260921746492386,1.5412367582321167,3.5950000286102295,1.0836886167526245,,353.53814697265625,235.00001525878906,77.0335504,10.6559563
1790063980575930600,39.8519306640625,,12.085333824157715,0.22456355392932892,1.551123857498169,3.5969998836517334,1.0711376667022705,,352.325927734375,235.00001525878906,77.0335515,10.6559647
1790063980942602800,40.218602783203124,,12.14891242980957,0.22456355392932892,1.5611580610275269,3.6010000705718994,1.069899559020996,,351.8167419433594,235.00001525878906,77.0335515,10.6559692
1790063980987809000,40.26380908203125,,11.642434120178223,0.16294091939926147,1.5611580610275269,3.546999931335449,1.1243149042129517,,352.8655090332031,235.00001525878906,77.033553,10.6559714
1790063981570465800,40.8464658203125,,12.145713806152344,0.21329115331172943,1.5611580610275269,3.5439999103546143,1.088557481765747,,354.2410583496094,235.00001525878906,77.0335536,10.6559785
1790063981947183600,41.22318359375,,12.082291603088379,0.21329115331172943,1.5711240768432617,3.5329999923706055,1.0850045680999756,,355.25787353515625,235.00001525878906,77.0335538,10.6559829
1790063982531096300,41.807096435546875,,10.326778411865234,0.16954568028450012,1.5711240768432617,3.5160000324249268,1.097795009613037,,359.98138427734375,235.00001525878906,77.0335566,10.6559916
1790063982951764500,42.22776440429688,,11.45570182800293,0.22651654481887817,1.5812612771987915,3.5339999198913574,1.1013402938842773,,3.4742772579193115,235.00001525878906,77.0335578,10.6559972
1790063983133845000,42.409844970703126,,10.046354293823242,0.22520242631435394,1.5812612771987915,3.5190000534057617,1.1590454578399658,,5.462475299835205,235.00001525878906,77.03356,10.6560007
1790063983595952400,42.87195239257812,,11.460729598999023,0.22568190097808838,1.5812612771987915,3.5169999599456787,1.1347765922546387,,9.871540069580078,235.00001525878906,77.033562,10.6560068
1790063983956346000,43.23234619140625,,10.000582695007324,0.22568190097808838,1.5911545753479004,3.5250000953674316,1.1323741674423218,,12.817315101623535,235.00001525878906,77.0335635,10.6560111
1790063984027923000,43.3039228515625,,9.654863357543945,0.15980689227581024,1.5911545753479004,3.490000009536743,1.1814026832580566,,13.754465103149414,235.00001525878906,77.0335646,10.6560133
1790063984610581200,43.886581298828126,,9.647042274475098,0.19936972856521606,1.5911545753479004,3.4860000610351562,1.1341675519943237,,13.906846046447754,235.00001525878906,77.0335671,10.6560206
1790063984960930300,44.236930419921876,,9.757390975952148,0.19936972856521606,1.601210355758667,3.4860000610351562,1.1299296617507935,,11.924574851989746,235.00001525878906,77.0335684,10.6560247
1790063985092782000,44.36878198242187,,9.282499313354492,0.20046143233776093,1.601210355758667,3.4630000591278076,1.1760478019714355,,11.506123542785645,235.00001525878906,77.0335693,10.6560273
1790063985588797200,44.864797119140626,,9.701735496520996,0.20345474779605865,1.601210355758667,3.4519999027252197,1.1201419830322266,,8.779664039611816,235.00001525878906,77.0335704,10.6560332
1790063985602000000,44.87799975585938,,9.733284950256348,0.20308806002140045,4.242747783660889,3.446000099182129,1.1163489818572998,,8.492055892944336,234.90000915527344,77.0335702,10.6560334
1790063985965517800,45.24151782226563,,9.045570373535156,0.20308806002140045,4.2461395263671875,3.431999921798706,1.1131727695465088,,6.350279808044434,234.90000915527344,77.0335706,10.6560372
1790063986091091500,45.36709155273437,,8.727550506591797,0.20554067194461823,4.2461395263671875,3.430999994277954,1.1594730615615845,,6.428358554840088,234.90000915527344,77.0335714,10.6560394
1790063986633569800,45.90956982421875,,9.146597862243652,0.2157745212316513,4.2461395263671875,3.421999931335449,1.108532190322876,,4.3737053871154785,234.90000915527344,77.0335724,10.6560454
1790063986932534000,46.208533935546875,,8.75201416015625,0.15930575132369995,4.2560529708862305,3.4000000953674316,1.1681798696517944,,5.491426944732666,234.90000915527344,77.0335742,10.6560496
1790063987668298000,46.944298095703125,,9.24657154083252,0.22204045951366425,4.2560529708862305,3.38700008392334,1.0679233074188232,,7.718074321746826,234.90000915527344,77.033576,10.6560573
1790063987931463200,47.207463134765625,,9.228155136108398,0.15665094554424286,4.266042232513428,3.375,1.1481927633285522,,9.023289680480957,234.90000915527344,77.0335779,10.6560613
1790063988110317600,47.38631762695312,,9.543314933776855,0.20693723857402802,4.266042232513428,3.3540000915527344,1.154466152191162,,9.152128219604492,234.90000915527344,77.0335789,10.6560637
1790063988713071400,47.9890712890625,,9.292737007141113,0.2176026999950409,4.266042232513428,3.3580000400543213,1.087104082107544,,8.677787780761719,234.90000915527344,77.0335803,10.6560703
1790063988979287600,48.25528759765625,,9.254556655883789,0.2176026999950409,4.276033401489258,3.377000093460083,1.0811249017715454,,8.325881958007812,234.90000915527344,77.0335808,10.6560729
1790063989171415300,48.44741528320313,,9.773183822631836,0.21076054871082306,4.276033401489258,3.378999948501587,1.134057879447937,,8.912201881408691,234.90000915527344,77.0335821,10.656076
1790063989633526300,48.9095263671875,,9.914843559265137,0.2112816721200943,4.276033401489258,3.3980000019073486,1.0937602519989014,,8.742746353149414,234.90000915527344,77.0335834,10.6560811
1790063989936807200,49.21280712890625,,10.348508834838867,0.16090768575668335,4.28609561920166,3.3959999084472656,1.1352221965789795,,9.161089897155762,234.90000915527344,77.0335844,10.6560846
1790063990748620800,50.02462084960938,,10.250483512878418,0.2002561241388321,4.28609561920166,3.436000108718872,1.0890710353851318,,12.196231842041016,234.90000915527344,77.0335866,10.6560939
1790063990929395700,50.20539575195313,,10.276264190673828,0.15491367876529694,4.296021938323975,3.434999942779541,1.1129041910171509,,13.91220760345459,234.90000915527344,77.0335877,10.6560958
1790063991190640400,50.466640380859374,,11.463712692260742,0.20759448409080505,4.296021938323975,3.4619999931884766,1.1202352046966553,,14.960223197937012,234.90000915527344,77.0335888,10.6560985
1790063991813486000,51.089486083984376,,10.260534286499023,0.23370644450187683,4.296021938323975,3.49399995803833,1.0757806301116943,,16.903316497802734,234.90000915527344,77.0335906,10.6561046
1790063991931216000,51.2072158203125,,10.000136375427246,0.1712835431098938,4.306039810180664,3.4830000400543213,1.077433705329895,,17.03473472595215,234.90000915527344,77.0335904,10.6561054
1790063992236670200,51.512670166015624,,9.63343334197998,0.22474753856658936,4.306039810180664,3.5169999599456787,1.0760844945907593,,17.755653381347656,234.90000915527344,77.033591,10.6561081
1790063992789196300,52.0651962890625,,10.187978744506836,0.22453734278678894,4.306039810180664,3.5429999828338623,1.0954278707504272,,20.496362686157227,234.90000915527344,77.0335926,10.6561136
1790063992928470000,52.20446997070312,,9.907391548156738,0.15460696816444397,4.316012382507324,3.5320000648498535,1.085754156112671,,21.886791229248047,234.90000915527344,77.0335928,10.6561144
1790063993231218000,52.507218017578126,,10.300846099853516,0.20237261056900024,4.316012382507324,3.569999933242798,1.0750254392623901,,22.6474552154541,234.90000915527344,77.0335937,10.6561171
1790063993700866600,52.976866455078124,,12.26806354522705,0.1950388252735138,32.10457229614258,3.5840001106262207,1.1087820529937744,,17.226762771606445,234.20001220703125,77.0335953,10.6561221
1790063993793791500,53.06979150390625,,12.26806354522705,0.1950388252735138,32.10457229614258,3.5969998836517334,1.1086865663528442,,17.225622177124023,234.20001220703125,77.0335967,10.6561266
1790063993927900700,53.203900634765624,,11.725011825561523,0.14955197274684906,32.114566802978516,3.5880000591278076,1.092211365699768,,14.440078735351562,234.20001220703125,77.0335962,10.6561255
1790063994215722500,53.491722412109375,,11.792638778686523,0.19666831195354462,32.114566802978516,3.5929999351501465,1.0882306098937988,,8.799604415893555,234.20001220703125,77.0335964,10.6561274
1790063994828527400,54.10452734375,,11.846588134765625,0.20785211026668549,32.114566802978516,3.6050000190734863,1.0941907167434692,,0.45556262135505676,234.20001220703125,77.0335966,10.6561336
1790063994927550000,54.20355004882813,,9.596197128295898,0.15274645388126373,32.12456130981445,3.5929999351501465,1.0683472156524658,,359.6509094238281,234.20001220703125,77.0335967,10.6561338
1790063995250459000,54.526458984375,,11.755348205566406,0.20648811757564545,32.12456130981445,3.6089999675750732,1.0653245449066162,,359.39520263671875,234.20001220703125,77.0335966,10.6561367
1790063995771594500,55.04759448242187,,12.125929832458496,0.2133973240852356,32.12456130981445,3.6010000705718994,1.075768232345581,,1.330651044845581,234.20001220703125,77.0335968,10.6561422
1790063995928140800,55.20414086914062,,10.132389068603516,0.15407253801822662,32.13456726074219,3.5889999866485596,1.0494327545166016,,2.7657313346862793,234.20001220703125,77.0335975,10.6561431
1790063996273893400,55.54989331054688,,11.649270057678223,0.2008305788040161,32.13456726074219,3.6010000705718994,1.050630807876587,,4.2993903160095215,234.20001220703125,77.0335979,10.6561462
1790063996876652300,56.15265234375,,11.911235809326172,0.22429050505161285,32.13456726074219,3.6029999256134033,1.022795557975769,,7.152285099029541,234.20001220703125,77.033599,10.6561518
1790063996926543400,56.20254345703125,,11.443947792053223,0.16373877227306366,32.144554138183594,3.5850000381469727,1.0031349658966064,,7.8201093673706055,234.20001220703125,77.0335997,10.6561518
1790063997368905000,56.64490502929687,,11.995983123779297,0.22362059354782104,32.144554138183594,3.6019999980926514,0.9967590570449829,,9.221802711486816,234.20001220703125,77.0336008,10.6561558
1790063997911387100,57.18738720703125,,11.891261100769043,0.2280464470386505,32.144554138183594,3.5899999141693115,0.9724270701408386,,10.755926132202148,234.20001220703125,77.0336018,10.6561606
1790063997936613000,57.21261303710938,,10.298466682434082,0.16744664311408997,32.1546516418457,3.5829999446868896,0.9676961302757263,,11.225469589233398,234.20001220703125,77.0336019,10.6561605
1790063998413685500,57.689685546875,,12.02464771270752,0.16918133199214935,32.1546516418457,3.578000068664551,0.9651442170143127,,12.949027061462402,234.20001220703125,77.0336031,10.6561646
1790063998968725200,58.24472534179687,,12.619094848632812,0.2143840342760086,32.1546516418457,3.5769999027252197,0.9694820642471313,,14.449110984802246,234.20001220703125,77.0336046,10.6561697
1790063999430840000,58.706840087890626,,11.888208389282227,0.17327065765857697,32.164573669433594,3.568000078201294,1.0074284076690674,,15.161089897155762,234.20001220703125,77.0336052,10.6561745
1790063999939764500,59.21576440429688,,10.25416374206543,0.16797733306884766,32.174686431884766,3.5420000553131104,0.9977281093597412,,18.733850479125977,234.20001220703125,77.0336059,10.6561794
1790064000033598200,59.30959814453125,,10.25416374206543,0.16797733306884766,32.174686431884766,3.5309998989105225,0.9973244071006775,,18.962871551513672,234.20001220703125,77.033606,10.6561804
1790064000475621600,59.75162158203125,,11.861021041870117,0.20322665572166443,32.174686431884766,3.5309998989105225,0.980851948261261,,23.15723419189453,234.20001220703125,77.0336074,10.6561843
1790064000942407400,60.21840747070313,,9.625227928161621,0.16739530861377716,32.18471145629883,3.4749999046325684,0.9683919548988342,,28.45577049255371,234.20001220703125,77.0336088,10.6561877
1790064001048243700,60.32424365234375,,9.471099853515625,0.16739530861377716,32.18471145629883,3.440999984741211,0.9678308963775635,,29.619709014892578,234.20001220703125,77.0336092,10.6561885
1790064001550544600,60.826544677734375,,9.971404075622559,0.20372460782527924,32.18471145629883,3.3970000743865967,0.908204972743988,,34.74694061279297,234.20001220703125,77.0336116,10.6561922
1790064001948006400,61.22400634765625,,9.712635040283203,0.16927900910377502,32.194766998291016,3.3399999141693115,0.9354867339134216,,40.13924026489258,234.20001220703125,77.0336132,10.6561942
1790064002072938800,61.348938720703124,,9.942681312561035,0.16927900910377502,15.427794456481934,3.315000057220459,0.9377874135971069,,41.607913970947266,235.40000915527344,77.0336139,10.6561949
1790064002535057400,61.81105737304687,,10.216117858886719,0.22020606696605682,15.427794456481934,3.2760000228881836,0.8734360337257385,,46.434303283691406,235.40000915527344,77.0336164,10.6561976
1790064002943179300,62.21917919921875,,10.227497100830078,0.2466438263654709,15.437556266784668,3.2279999256134033,0.8761897683143616,,51.568931579589844,235.40000915527344,77.0336191,10.6562
1790064003117730000,62.39372998046875,,10.21496295928955,0.16523556411266327,15.437556266784668,3.2119998931884766,0.9049936532974243,,52.63813018798828,235.40000915527344,77.0336199,10.6562003
1790064003569803800,62.8458037109375,,9.892742156982422,0.20633286237716675,15.437556266784668,3.178999900817871,0.8405260443687439,,55.02169418334961,235.40000915527344,77.0336228,10.6562021
1790064003947787800,63.22378784179688,,9.999645233154297,0.2635015845298767,15.447519302368164,3.1670000553131104,0.8394038081169128,,55.26743698120117,235.40000915527344,77.0336255,10.6562037
1790064004152476700,63.4284765625,,9.68671989440918,0.2228465974330902,15.447519302368164,3.124000072479248,0.8495036363601685,,55.45813751220703,235.40000915527344,77.0336263,10.6562038
1790064004694965500,63.97096557617188,,10.260269165039062,0.25261998176574707,15.447519302368164,3.0910000801086426,0.7736718654632568,,58.73030471801758,235.40000915527344,77.0336292,10.6562052
1790064004952396500,64.228396484375,,10.15596866607666,0.25261998176574707,15.45748519897461,3.0850000381469727,0.7647316455841064,,62.755104064941406,235.40000915527344,77.0336306,10.6562058
1790064005237454300,64.51345434570312,,9.857368469238281,0.209173321723938,15.45748519897461,3.0409998893737793,0.8230270743370056,,68.09353637695312,235.40000915527344,77.0336331,10.6562056
1790064005751060500,65.027060546875,,10.13013744354248,0.24243894219398499,15.45748519897461,3,0.7903366088867188,,78.13362884521484,235.40000915527344,77.0336372,10.656206
1790064005957005300,65.23300537109375,,10.414219856262207,0.24243894219398499,15.467463493347168,3,0.7883129715919495,,82.74393463134766,235.40000915527344,77.0336389,10.6562059
1790064006293549000,65.56954907226563,,10.125572204589844,0.21957610547542572,15.467463493347168,3,0.8462522029876709,,87.11666870117188,235.40000915527344,77.0336416,10.6562045
1790064006775761400,66.05176147460938,,10.237494468688965,0.23804733157157898,15.467463493347168,3,0.8273317217826843,,89.44969940185547,235.40000915527344,77.0336456,10.6562038
1790064006961614000,66.23761401367187,,10.154986381530762,0.23804733157157898,15.47750473022461,3,0.8252046704292297,,89.68215942382812,235.40000915527344,77.033647,10.6562035
1790064007328296400,66.60429638671874,,10.356922149658203,0.21860374510288239,15.47750473022461,3,0.8823513388633728,,88.92636108398438,235.40000915527344,77.0336502,10.6562029
1790064007810508800,67.0865087890625,,12.153611183166504,0.2481210082769394,15.47750473022461,3,0.8471372127532959,,86.40621948242188,235.40000915527344,77.033654,10.6562028
1790064007940229400,67.2162294921875,,10.128741264343262,0.1672176718711853,15.487536430358887,3,0.9125997424125671,,85.19115447998047,235.40000915527344,77.0336554,10.6562029
1790064008312814000,67.58881396484375,,10.441468238830566,0.22128115594387054,15.487536430358887,3,0.9188684225082397,,82.91069793701172,235.40000915527344,77.0336589,10.6562033
1790064008795027700,68.07102783203125,,11.821722030639648,0.2518753111362457,15.487536430358887,3,0.8743811845779419,,80.69229125976562,235.40000915527344,77.033663,10.656204
1790064008970835000,68.2468349609375,,11.881087303161621,0.2518753111362457,15.497525215148926,3,0.8688444495201111,,79.86518096923828,235.40000915527344,77.0336644,10.6562042
1790064009296078800,68.57207885742187,,10.08010482788086,0.2113804817199707,15.497525215148926,3,0.9492800235748291,,78.70389556884766,235.40000915527344,77.0336691,10.6562044
1790064009868709400,69.14470947265625,,10.222582817077637,0.234679713845253,15.497525215148926,3,0.932569146156311,,77.21388244628906,235.40000915527344,77.0336751,10.6562052
1790064009975449900,69.25144995117188,,10.180057525634766,0.234679713845253,15.507405281066895,3,0.9311301112174988,,77.04431915283203,235.40000915527344,77.0336761,10.6562053
1790064010176373500,69.45237353515626,,9.998770713806152,0.1629568189382553,13.081842422485352,3,0.9648066759109497,,78.14574432373047,231.10000610351562,77.0336771,10.6562045
1790064010371018000,69.64701806640625,,11.236446380615234,0.2193758189678192,13.081842422485352,3,0.9868022203445435,,79.18077087402344,231.10000610351562,77.0336829,10.6562043
1790064010833142500,70.109142578125,,11.570063591003418,0.24144840240478516,13.081842422485352,3,0.9343140125274658,,80.84329986572266,231.10000610351562,77.0336852,10.6562047
1790064010931389200,70.20738916015625,,11.851398468017578,0.17526672780513763,13.091885566711426,3,0.9633442163467407,,81.22518920898438,231.10000610351562,77.0336855,10.6562047
1790064011435914200,70.71191430664062,,12.092403411865234,0.18696556985378265,13.091885566711426,3,0.9295167326927185,,83.02517700195312,231.10000610351562,77.0336898,10.6562052
1790064011908085200,71.18408520507812,,11.885334014892578,0.22904589772224426,13.091885566711426,3,0.9273626804351807,,84.36438751220703,231.10000610351562,77.0336941,10.6562056
1790064011929924000,71.20592407226563,,11.693470001220703,0.16192030906677246,13.101871490478516,3,0.969865083694458,,84.80194091796875,231.10000610351562,77.0336942,10.6562054
1790064012407883300,71.68388330078125,,12.108047485351562,0.20917531847953796,13.101871490478516,3,0.9896643161773682,,86.60382843017578,231.10000610351562,77.0336986,10.6562054
1790064012890100500,72.1661005859375,,12.022565841674805,0.22549127042293549,13.101871490478516,3.003999948501587,0.9637284874916077,,87.76447296142578,231.10000610351562,77.0337031,10.6562054
1790064012929471000,72.20547094726562,,11.867171287536621,0.16830302774906158,13.11186695098877,3.003999948501587,1.0211646556854248,,87.69414520263672,231.10000610351562,77.0337035,10.6562054
1790064013452687000,72.72868701171875,,12.229555130004883,0.1882428675889969,13.11186695098877,3.009000062942505,0.9888514876365662,,86.24916076660156,231.10000610351562,77.0337086,10.6562054
1790064013954996500,73.23099658203125,,12.583585739135742,0.2366848886013031,13.11186695098877,3.0350000858306885,0.9765805006027222,,84.33185577392578,231.10000610351562,77.0337136,10.6562057
1790064014567813600,73.84381372070312,,12.261754989624023,0.17228765785694122,13.121870040893555,3.055999994277954,1.0018842220306396,,82.82018280029297,231.10000610351562,77.0337195,10.6562066
1790064014925669400,74.20166943359375,,12.2094144821167,0.16810022294521332,13.131828308105469,3.072000026702881,1.071811556816101,,82.24681854248047,231.10000610351562,77.0337228,10.6562076
1790064015009845800,74.285845703125,,12.2094144821167,0.16810022294521332,13.131828308105469,3.0880000591278076,1.077675223350525,,82.1582260131836,231.10000610351562,77.0337237,10.6562079
1790064015572432400,74.84843237304688,,12.752737045288086,0.174486443400383,13.131828308105469,3.124000072479248,1.0266313552856445,,84.34242248535156,231.10000610351562,77.0337296,10.6562086
1790064015930629400,75.20662939453125,,12.38591194152832,0.16056978702545166,13.141878128051758,3.1489999294281006,1.0856603384017944,,86.54669189453125,231.10000610351562,77.0337325,10.6562089
1790064016055905000,75.33190502929688,,12.400527000427246,0.16056978702545166,13.141878128051758,3.177000045776367,1.090373158454895,,87.066162109375,231.10000610351562,77.0337337,10.656209
1790064016568261000,75.84426123046875,,12.561689376831055,0.17364472150802612,13.141878128051758,3.2239999771118164,1.0449861288070679,,88.02218627929688,231.10000610351562,77.0337388,10.6562092
1790064016927758000,76.20375805664062,,11.832823753356934,0.15946123003959656,13.151849746704102,3.2679998874664307,1.0810424089431763,,87.72671508789062,231.10000610351562,77.0337411,10.6562094
1790064017010294500,76.28629443359375,,11.832823753356934,0.15946123003959656,13.151849746704102,3.312999963760376,1.0837278366088867,,87.68940734863281,231.10000610351562,77.0337416,10.6562095
1790064017472420600,76.74842065429688,,12.298375129699707,0.1779978722333908,13.151849746704102,3.369999885559082,1.0534796714782715,,86.03975677490234,231.10000610351562,77.0337461,10.6562099
1790064017929237800,77.20523779296875,,11.775810241699219,0.1620335876941681,13.161864280700684,3.4130001068115234,1.0768424272537231,,82.81770324707031,231.10000610351562,77.0337497,10.6562107
1790064018014918000,77.29091796875,,11.775810241699219,0.1620335876941681,13.161864280700684,3.4630000591278076,1.0786834955215454,,82.50980377197266,231.10000610351562,77.0337503,10.656211
1790064018313794000,77.5897939453125,,11.920080184936523,0.20753715932369232,13.077474594116211,3.490000009536743,1.076051115989685,,81.51831817626953,234.3000030517578,77.0337513,10.6562113
1790064018517230800,77.79323095703126,,11.877229690551758,0.17877741158008575,13.077474594116211,3.5460000038146973,1.0321518182754517,,79.30305480957031,234.3000030517578,77.033758,10.6562126
1790064018926332200,78.20233227539063,,10.324010848999023,0.1605842411518097,13.087446212768555,3.549999952316284,1.0569621324539185,,78.2997055053711,234.3000030517578,77.0337596,10.6562126
1790064019089868500,78.36586865234375,,10.241432189941406,0.1605842411518097,13.087446212768555,3.569000005722046,1.0588921308517456,,78.06007385253906,234.3000030517578,77.0337606,10.6562127
1790064019634879200,78.91087915039063,,10.01245403289795,0.18772125244140625,13.087446212768555,3.6040000915527344,0.999345064163208,,77.8102035522461,234.3000030517578,77.0337651,10.6562136
1790064019930375000,79.206375,,9.85637378692627,0.1609891802072525,13.09748649597168,3.622999906539917,1.0198990106582642,,78.41492462158203,234.3000030517578,77.033767,10.6562139
1790064020157286000,79.43328588867188,,9.852989196777344,0.1609891802072525,13.09748649597168,3.6429998874664307,1.0220069885253906,,78.75309753417969,234.3000030517578,77.033769,10.6562141
1790064020589276400,79.8652763671875,,10.152466773986816,0.17917019128799438,13.09748649597168,3.6610000133514404,0.982853353023529,,79.59166717529297,234.3000030517578,77.0337728,10.656215
1790064020944961300,80.22096118164062,,11.609050750732422,0.16360945999622345,13.10763168334961,3.6700000762939453,1.0344104766845703,,81.00635528564453,234.3000030517578,77.0337758,10.6562151
1790064021111683300,80.38768334960938,,11.533482551574707,0.16360945999622345,13.10763168334961,3.680000066757202,1.0388991832733154,,81.38517761230469,234.3000030517578,77.0337774,10.6562152
1790064021674275600,80.95027563476563,,11.84207820892334,0.1803615689277649,13.10763168334961,3.683000087738037,0.9869633316993713,,82.81999969482422,234.3000030517578,77.0337829,10.6562159
1790064021930456300,81.20645629882813,,12.369433403015137,0.22369496524333954,13.117464065551758,3.6989998817443848,0.9929731488227844,,82.91020202636719,234.3000030517578,77.0337855,10.6562162
1790064022156498000,81.43249780273437,,12.210272789001465,0.15632908046245575,13.117464065551758,3.678999900817871,1.0089219808578491,,83.0516586303711,234.3000030517578,77.0337873,10.6562162
1790064022695230500,81.97123046875,,11.965913772583008,0.17962665855884552,13.117464065551758,3.677000045776367,0.9549864530563354,,82.02178955078125,234.3000030517578,77.0337921,10.6562165
1790064022938021600,82.21402172851562,,11.767165184020996,0.16923536360263824,13.127562522888184,3.6640000343322754,0.9684116244316101,,81.26089477539062,234.3000030517578,77.033794,10.6562164
1790064023117175000,82.39317504882813,,11.744688987731934,0.16923536360263824,13.127562522888184,3.6519999504089355,0.970166802406311,,80.68497467041016,234.3000030517578,77.0337956,10.6562165
1790064023709906700,82.98590673828124,,12.430704116821289,0.19323371350765228,13.127562522888184,3.6389999389648438,0.934969425201416,,77.60409545898438,234.3000030517578,77.033801,10.6562174
1790064023942541000,83.218541015625,,9.829727172851562,0.16564132273197174,13.13760757446289,3.5980000495910645,0.9662344455718994,,80.16328430175781,234.3000030517578,77.033804,10.6562153
1790064024172036600,83.44803662109375,,9.786661148071289,0.16564132273197174,13.13760757446289,3.555999994277954,0.9704070687294006,,80.38089752197266,234.3000030517578,77.0338066,10.6562145
1790064024714537200,83.990537109375,,10.018900871276855,0.19769635796546936,13.13760757446289,3.497999906539917,0.9299139976501465,,80.92927551269531,234.3000030517578,77.0338119,10.6562147
1790064024947884000,84.22388403320312,,9.527460098266602,0.17108359932899475,13.147661209106445,3.4639999866485596,1.0010952949523926,,83.5596923828125,234.3000030517578,77.0338162,10.6562137
1790064025176668400,84.45266845703125,,9.642377853393555,0.17108359932899475,13.147661209106445,3.4260001182556152,1.010854959487915,,84.26435089111328,234.3000030517578,77.0338195,10.6562134
1790064025689031400,84.96503149414062,,9.752809524536133,0.18610161542892456,13.147661209106445,3.375,0.9785043597221375,,84.95181274414062,234.3000030517578,77.0338251,10.6562135
1790064025948980700,85.22498071289063,,9.792065620422363,0.2331986278295517,13.15751838684082,3.3510000705718994,0.9774292707443237,,84.83946990966797,234.3000030517578,77.0338277,10.6562136
1790064026195116500,85.47111645507813,,9.308338165283203,0.1718389391899109,13.15751838684082,3.305000066757202,1.034440040588379,,84.19486999511719,234.3000030517578,77.0338322,10.6562138
1790064026350835200,85.62683520507812,,9.358856201171875,0.21697641909122467,9.01255989074707,3.2860000133514404,1.031596302986145,,83.73060607910156,234.60000610351562,77.0338346,10.656214
1790064026737620500,86.01362036132812,,9.42577075958252,0.18916194140911102,9.01255989074707,3.242000102996826,0.9924566149711609,,83.21135711669922,234.60000610351562,77.0338391,10.6562143
1790064026935472400,86.21147241210937,,9.405399322509766,0.16898983716964722,9.018534660339355,3.187000036239624,1.0260319709777832,,82.82537078857422,234.60000610351562,77.0338418,10.6562148
1790064027189708000,86.4657080078125,,9.33327865600586,0.16898983716964722,9.018534660339355,3.1549999713897705,1.031292200088501,,83.13597106933594,234.60000610351562,77.0338449,10.6562152
1790064027732213000,87.008212890625,,10.075687408447266,0.1956406533718109,9.018534660339355,3.1080000400543213,1.00023353099823,,85.92953491210938,234.60000610351562,77.0338506,10.656216
1790064027958257000,87.2342568359375,,10.070754051208496,0.2395624965429306,9.028547286987305,3.1010000705718994,0.9936556816101074,,88.74983978271484,234.60000610351562,77.0338529,10.6562161
1790064028154162000,87.43016186523438,,9.788908004760742,0.16139423847198486,9.028547286987305,3.0450000762939453,1.0075712203979492,,90.05118560791016,234.60000610351562,77.0338556,10.6562165
1790064028736852700,88.01285278320313,,10.110798835754395,0.1985304057598114,9.028547286987305,3,0.9635139107704163,,93.53431701660156,234.60000610351562,77.0338615,10.6562164
1790064028932271900,88.20827197265625,,9.937568664550781,0.17276084423065186,9.03850269317627,3,0.99235600233078,,93.46369171142578,234.60000610351562,77.0338639,10.6562165
1790064029168848100,88.44484814453125,,10.324724197387695,0.17276084423065186,9.03850269317627,3,0.9969321489334106,,93.30420684814453,234.60000610351562,77.0338665,10.6562164
1790064029730190300,89.0061904296875,,9.989663124084473,0.1972646564245224,9.03850269317627,3,0.9377143383026123,,93.48963165283203,234.60000610351562,77.0338721,10.6562164
1790064029967536400,89.24353637695313,,10.494254112243652,0.24538485705852509,9.048588752746582,3.003999948501587,0.9315939545631409,,93.97533416748047,234.60000610351562,77.0338744,10.6562163
1790064030714737700,89.99073754882812,,10.26622486114502,0.20650355517864227,9.048588752746582,3.015000104904175,0.9136349558830261,,92.8975830078125,234.60000610351562,77.0338826,10.6562159
1790064030972177000,90.24817700195312,,11.868094444274902,0.2630077302455902,9.058531761169434,3.0380001068115234,0.9085714221000671,,91.84954071044922,234.60000610351562,77.0338854,10.6562158
1790064031156779800,90.43277978515626,,11.991174697875977,0.17633938789367676,9.058531761169434,3.0420000553131104,1.0031189918518066,,91.23997497558594,234.60000610351562,77.0338884,10.6562157
1790064031729425400,91.00542529296875,,11.859642028808594,0.2043743133544922,9.058531761169434,3.066999912261963,0.9420492649078369,,89.80073547363281,234.60000610351562,77.0338945,10.6562156
1790064031929308400,91.20530834960938,,10.275915145874023,0.17851915955543518,9.068472862243652,3.0759999752044678,1.0355390310287476,,89.19219207763672,234.60000610351562,77.0338975,10.6562157
1790064032151374800,91.42737475585938,,11.380315780639648,0.17851915955543518,9.068472862243652,3.0889999866485596,1.0506564378738403,,88.7551498413086,234.60000610351562,77.0339003,10.6562158
1790064032795602000,92.07160180664063,,10.150508880615234,0.19882377982139587,9.068472862243652,3.125999927520752,0.9818739295005798,,85.36166381835938,234.60000610351562,77.0339067,10.6562161
1790064032928445700,92.20444580078124,,10.07786750793457,0.17089523375034332,9.07846450805664,3.132999897003174,1.0702358484268188,,84.74223327636719,234.60000610351562,77.0339098,10.6562158
1790064033217552400,92.49355249023438,,10.17977523803711,0.17089523375034332,9.07846450805664,3.1630001068115234,1.0888996124267578,,83.17516326904297,234.60000610351562,77.033914,10.6562159
1790064033810293000,93.08629296875,,11.186188697814941,0.19119781255722046,9.07846450805664,3.2070000171661377,1.0228430032730103,,81.73590850830078,234.60000610351562,77.0339207,10.6562168
1790064033935081000,93.2110810546875,,10.075946807861328,0.16910111904144287,9.088530540466309,3.23799991607666,1.0982919931411743,,81.42953491210938,234.60000610351562,77.033924,10.6562168
1790064034272430300,93.54843041992187,,10.041374206542969,0.16910111904144287,9.088530540466309,3.2760000228881836,1.1155576705932617,,81.48883819580078,234.60000610351562,77.0339289,10.6562172
1790064034488429600,93.7644296875,,11.400735855102539,0.20345637202262878,10.288334846496582,3.3010001182556152,1.0318454504013062,,81.14319610595703,234.70001220703125,77.033932,10.6562178
1790064034835033300,94.11103344726563,,10.198076248168945,0.20410370826721191,10.288334846496582,3.3489999771118164,1.0293349027633667,,81.78559112548828,234.70001220703125,77.0339379,10.6562174
1790064034932119300,94.20811938476562,,10.100198745727539,0.1683853715658188,10.298304557800293,3.3580000400543213,1.1045284271240234,,81.81527709960938,234.70001220703125,77.0339391,10.6562172
1790064035317265000,94.59326489257812,,10.100860595703125,0.1683853715658188,10.298304557800293,3.3919999599456787,1.1235747337341309,,81.79376983642578,234.70001220703125,77.0339434,10.6562176
1790064035869822500,95.14582250976562,,10.065062522888184,0.20217885076999664,10.298304557800293,3.430000066757202,1.0447356700897217,,82.39482879638672,234.70001220703125,77.0339492,10.6562183
1790064035929197000,95.20519702148438,,9.887726783752441,0.17080698907375336,10.30827522277832,3.431999921798706,1.0857900381088257,,82.71257781982422,234.70001220703125,77.0339516,10.6562181
1790064036330705000,95.60670483398438,,9.836620330810547,0.17080698907375336,10.30827522277832,3.4649999141693115,1.1003340482711792,,83.18769836425781,234.70001220703125,77.0339573,10.6562184
1790064036853122600,96.12912255859375,,10.162211418151855,0.21593934297561646,10.30827522277832,3.4809999465942383,1.0575166940689087,,82.73712921142578,234.70001220703125,77.0339637,10.6562189
1790064036928797200,96.20479711914062,,9.779269218444824,0.1786813884973526,10.31827163696289,3.4779999256134033,1.1079224348068237,,82.5255355834961,234.70001220703125,77.0339659,10.656219
1790064037315260700,96.5912607421875,,9.874518394470215,0.1786813884973526,10.31827163696289,3.5239999294281006,1.124113917350769,,82.01458740234375,234.70001220703125,77.0339712,10.6562196
1790064037908002800,97.1840029296875,,9.794197082519531,0.2712993323802948,10.31827163696289,3.5490000247955322,1.0812928676605225,,81.42181396484375,234.70001220703125,77.0339778,10.6562205
1790064037930525400,97.206525390625,,9.583040237426758,0.1827695220708847,10.328289031982422,3.555000066757202,1.125969648361206,,81.39215850830078,234.70001220703125,77.0339788,10.6562207
1790064038350047700,97.6260478515625,,9.396224975585938,0.1827695220708847,10.328289031982422,3.562999963760376,1.1437710523605347,,79.04402160644531,234.70001220703125,77.0339841,10.6562215
1790064038952836000,98.22883618164063,,9.517714500427246,0.22011905908584595,10.328289031982422,3.5840001106262207,1.091458797454834,,68.61775970458984,234.70001220703125,77.0339907,10.6562234
1790064039595809500,98.8718095703125,,9.853626251220703,0.2603614926338196,10.338245391845703,3.6010000705718994,1.0533820390701294,,52.72511672973633,234.70001220703125,77.0339973,10.6562277
1790064039929311200,99.20531127929688,,9.474798202514648,0.1828611046075821,10.34827709197998,3.571000099182129,1.135993242263794,,46.915061950683594,234.70001220703125,77.0340019,10.6562301
1790064040016505600,99.29250561523438,,9.832448959350586,0.23232059180736542,10.34827709197998,3.565999984741211,1.145735502243042,,46.41365051269531,234.70001220703125,77.0340033,10.6562309
1790064040609247000,99.8852470703125,,9.860575675964355,0.2677726149559021,10.34827709197998,3.572999954223633,1.0662153959274292,,47.03465270996094,234.70001220703125,77.0340079,10.6562353
1790064040925460200,100.20146020507812,,9.481449127197266,0.17537015676498413,10.358238220214844,3.5360000133514404,1.1281665563583374,,50.96654510498047,234.70001220703125,77.034012,10.6562364
1790064041031198500,100.30719848632812,,9.688738822937012,0.17537015676498413,10.358238220214844,3.5239999294281006,1.1344112157821655,,51.67877197265625,234.70001220703125,77.0340136,10.6562368
1790064041633987300,100.9099873046875,,9.759012222290039,0.2577953040599823,10.358238220214844,3.5239999294281006,1.0287511348724365,,53.38752746582031,234.70001220703125,77.0340187,10.6562404
1790064041941956600,101.21795654296875,,9.271307945251465,0.1755695641040802,10.368403434753418,3.496000051498413,1.101850152015686,,56.31621170043945,234.70001220703125,77.0340226,10.6562411
1790064042096126500,101.37212646484375,,9.3251371383667,0.1755695641040802,10.368403434753418,3.4839999675750732,1.1094799041748047,,57.05051803588867,234.70001220703125,77.0340246,10.6562416
1790064042548219400,101.82421948242188,,9.60732364654541,0.22155864536762238,10.368403434753418,3.4790000915527344,0.9950517416000366,,60.08882141113281,234.70001220703125,77.034029,10.6562437
1790064042726545200,102.00254516601562,,10.225545883178711,0.25765466690063477,4.31043815612793,3.484999895095825,0.9865606427192688,,62.13753128051758,253.60000610351562,77.034031,10.6562445
1790064042927475700,102.20347583007812,,11.259285926818848,0.25765466690063477,4.320242881774902,3.4730000495910645,0.9862518310546875,,64.4199447631836,253.60000610351562,77.0340357,10.656247
1790064043112080600,102.38808056640624,,10.079728126525879,0.18770575523376465,4.320242881774902,3.4790000915527344,1.1010699272155762,,66.98446655273438,253.60000610351562,77.0340376,10.6562459
1790064044015014000,103.29101391601563,,11.92426586151123,0.25916120409965515,4.320242881774902,3.4820001125335693,0.9945846199989319,,88.49746704101562,253.60000610351562,77.0340461,10.6562469
1790064045210555600,104.4865556640625,,12.499735832214355,0.32734647393226624,4.320242881774902,3.5439999103546143,0.9975311160087585,,89.93772888183594,253.60000610351562,77.0340581,10.6562463
1790064045299719200,104.57571923828125,,12.167208671569824,0.28820550441741943,4.332301616668701,3.5989999771118164,0.7883060574531555,,112.1619644165039,253.60000610351562,77.034058,10.6562458
1790064045636280300,104.9122802734375,,11.768948554992676,0.16171032190322876,4.332301616668701,3.5959999561309814,1.0387437343597412,,148.41844177246094,253.60000610351562,77.034062,10.6562419
1790064045802049300,105.07804931640625,,11.84539794921875,0.2074124664068222,4.340789318084717,3.609999895095825,1.0411896705627441,,151.64495849609375,253.60000610351562,77.0340615,10.6562414
1790064046002982000,105.27898193359376,,11.4971923828125,0.15807311236858368,4.350630283355713,3.61899995803833,1.102861762046814,,156.14151000976562,253.60000610351562,77.034063,10.656237
1790064046148657700,105.42465771484375,,9.901240348815918,0.13575884699821472,4.350630283355713,3.6070001125335693,1.1274949312210083,,156.1566925048828,253.60000610351562,77.034064,10.6562364
